Agent,ELO
bayesian,1599.5268925680095
switcher,1577.2671327218068
evolutionary,1567.272231665416
minimax,1513.9017320551256
metalearner,1513.7884459954716
predator,1481.5031873260539
grimtrigger,1467.021471451416
nash,1451.502210020885
zerosum,1442.1936279506983
titfortat,1386.0230682451172
